x;x;x;x;o;o;x;o;o;1
x;x;x;x;o;o;o;x;o;1
x;x;x;x;o;o;o;o;x;1
x;x;x;x;o;o;o;b;b;1
x;x;x;x;o;o;b;o;b;1
x;x;x;x;o;o;b;b;o;1
x;x;x;x;o;b;o;o;b;1
x;x;x;x;o;b;o;b;o;1
x;x;x;x;o;b;b;o;o;1
x;x;x;x;b;o;o;o;b;1
x;x;x;x;b;o;o;b;o;1
x;x;x;x;b;o;b;o;o;1
x;x;x;o;x;o;x;o;o;1
x;x;x;o;x;o;o;x;o;1
x;x;x;o;x;o;o;o;x;1
x;x;x;o;x;o;o;b;b;1
x;x;x;o;x;o;b;o;b;1
x;x;x;o;x;o;b;b;o;1
x;x;x;o;x;b;o;o;b;1
x;x;x;o;x;b;o;b;o;1
x;x;x;o;x;b;b;o;o;1
x;x;x;o;o;x;x;o;o;1
x;x;x;o;o;x;o;x;o;1
x;x;x;o;o;x;o;o;x;1
x;x;x;o;o;x;o;b;b;1
x;x;x;o;o;x;b;o;b;1
x;x;x;o;o;x;b;b;o;1
x;x;x;o;o;b;x;o;b;1
x;x;x;o;o;b;x;b;o;1
x;x;x;o;o;b;o;x;b;1
x;x;x;o;o;b;o;b;x;1
x;x;x;o;o;b;b;x;o;1
x;x;x;o;o;b;b;o;x;1
x;x;x;o;o;b;b;b;b;1
x;x;x;o;b;x;o;o;b;1
x;x;x;o;b;x;o;b;o;1
x;x;x;o;b;x;b;o;o;1
x;x;x;o;b;o;x;o;b;1
x;x;x;o;b;o;x;b;o;1
x;x;x;o;b;o;o;x;b;1
x;x;x;o;b;o;o;b;x;1
x;x;x;o;b;o;b;x;o;1
x;x;x;o;b;o;b;o;x;1
x;x;x;o;b;o;b;b;b;1
x;x;x;o;b;b;x;o;o;1
x;x;x;o;b;b;o;x;o;1
x;x;x;o;b;b;o;o;x;1
x;x;x;o;b;b;o;b;b;1
x;x;x;o;b;b;b;o;b;1
x;x;x;o;b;b;b;b;o;1
x;x;x;b;x;o;o;o;b;1
x;x;x;b;x;o;o;b;o;1
x;x;x;b;x;o;b;o;o;1
x;x;x;b;o;x;o;o;b;1
x;x;x;b;o;x;o;b;o;1
x;x;x;b;o;x;b;o;o;1
x;x;x;b;o;o;x;o;b;1
x;x;x;b;o;o;x;b;o;1
x;x;x;b;o;o;o;x;b;1
x;x;x;b;o;o;o;b;x;1
x;x;x;b;o;o;b;x;o;1
x;x;x;b;o;o;b;o;x;1
x;x;x;b;o;o;b;b;b;1
x;x;x;b;o;b;x;o;o;1
x;x;x;b;o;b;o;x;o;1
x;x;x;b;o;b;o;o;x;1
x;x;x;b;o;b;o;b;b;1
x;x;x;b;o;b;b;o;b;1
x;x;x;b;o;b;b;b;o;1
x;x;x;b;b;o;x;o;o;1
x;x;x;b;b;o;o;x;o;1
x;x;x;b;b;o;o;o;x;1
x;x;x;b;b;o;o;b;b;1
x;x;x;b;b;o;b;o;b;1
x;x;x;b;b;o;b;b;o;1
x;x;x;b;b;b;o;o;b;1
x;x;x;b;b;b;o;b;o;1
x;x;x;b;b;b;b;o;o;1
x;x;o;x;x;o;o;o;x;1
x;x;o;x;o;x;x;o;o;1
x;x;o;x;o;o;x;o;x;1
x;x;o;x;o;o;x;b;b;1
x;x;o;x;o;b;x;o;b;1
x;x;o;x;o;b;x;b;o;1
x;x;o;x;b;o;x;o;b;1
x;x;o;x;b;b;x;o;o;1
x;x;o;o;x;x;o;x;o;1
x;x;o;o;x;x;o;o;x;1
x;x;o;o;x;o;x;o;x;1
x;x;o;o;x;o;o;x;x;1
x;x;o;o;x;o;b;x;b;1
x;x;o;o;x;o;b;b;x;1
x;x;o;o;x;b;o;x;b;1
x;x;o;o;x;b;o;b;x;1
x;x;o;o;x;b;b;x;o;1
x;x;o;o;x;b;b;o;x;1
x;x;o;b;x;o;o;x;b;1
x;x;o;b;x;o;o;b;x;1
x;x;o;b;x;o;b;o;x;1
x;x;o;b;x;b;o;x;o;1
x;x;o;b;x;b;o;o;x;1
x;x;b;x;o;o;x;o;b;1
x;x;b;x;o;o;x;b;o;1
x;x;b;x;o;b;x;o;o;1
x;x;b;x;b;o;x;o;o;1
x;x;b;o;x;o;o;x;b;1
x;x;b;o;x;o;o;b;x;1
x;x;b;o;x;o;b;x;o;1
x;x;b;o;x;o;b;o;x;1
x;x;b;o;x;b;o;x;o;1
x;x;b;o;x;b;o;o;x;1
x;x;b;b;x;o;o;x;o;1
x;x;b;b;x;o;o;o;x;1
x;o;x;x;x;o;x;o;o;1
x;o;x;x;x;o;o;o;x;1
x;o;x;x;o;o;x;x;o;1
x;o;x;x;o;o;x;b;b;1
x;o;x;x;o;b;x;b;o;1
x;o;x;x;b;o;x;o;b;1
x;o;x;x;b;o;x;b;o;1
x;o;x;x;b;b;x;o;o;1
x;o;x;o;x;x;x;o;o;1
x;o;x;o;x;x;o;o;x;1
x;o;x;o;x;o;x;x;o;1
x;o;x;o;x;o;x;o;x;1
x;o;x;o;x;o;x;b;b;1
x;o;x;o;x;o;o;x;x;1
x;o;x;o;x;o;b;b;x;1
x;o;x;o;x;b;x;o;b;1
x;o;x;o;x;b;x;b;o;1
x;o;x;o;x;b;o;b;x;1
x;o;x;o;x;b;b;o;x;1
x;o;x;o;o;x;o;x;x;1
x;o;x;o;o;x;b;b;x;1
x;o;x;o;b;x;o;b;x;1
x;o;x;o;b;x;b;o;x;1
x;o;x;b;x;o;x;o;b;1
x;o;x;b;x;o;x;b;o;1
x;o;x;b;x;o;o;b;x;1
x;o;x;b;x;o;b;o;x;1
x;o;x;b;x;b;x;o;o;1
x;o;x;b;x;b;o;o;x;1
x;o;x;b;o;x;o;b;x;1
x;o;x;b;b;x;o;o;x;1
x;o;o;x;x;x;x;o;o;1
x;o;o;x;x;x;o;x;o;1
x;o;o;x;x;x;o;o;x;1
x;o;o;x;x;x;o;b;b;1
x;o;o;x;x;x;b;o;b;1
x;o;o;x;x;x;b;b;o;1
x;o;o;x;x;o;x;o;x;1
x;o;o;x;x;o;x;b;b;1
x;o;o;x;x;o;o;x;x;1
x;o;o;x;x;o;b;b;x;1
x;o;o;x;x;b;x;o;b;1
x;o;o;x;x;b;x;b;o;1
x;o;o;x;x;b;o;b;x;1
x;o;o;x;x;b;b;o;x;1
x;o;o;x;o;x;x;x;o;1
x;o;o;x;o;x;x;b;b;1
x;o;o;x;o;o;x;x;x;1
x;o;o;x;o;b;x;x;b;1
x;o;o;x;o;b;x;b;x;1
x;o;o;x;b;x;x;o;b;1
x;o;o;x;b;x;x;b;o;1
x;o;o;x;b;o;x;x;b;1
x;o;o;x;b;o;x;b;x;1
x;o;o;x;b;b;x;x;o;1
x;o;o;x;b;b;x;o;x;1
x;o;o;x;b;b;x;b;b;1
x;o;o;o;x;x;x;o;x;1
x;o;o;o;x;x;o;x;x;1
x;o;o;o;x;x;b;b;x;1
x;o;o;o;x;o;x;x;x;1
x;o;o;o;x;b;x;b;x;1
x;o;o;o;x;b;b;x;x;1
x;o;o;o;o;x;x;x;x;1
x;o;o;o;b;b;x;x;x;1
x;o;o;b;x;x;o;b;x;1
x;o;o;b;x;x;b;o;x;1
x;o;o;b;x;o;x;b;x;1
x;o;o;b;x;o;b;x;x;1
x;o;o;b;x;b;x;o;x;1
x;o;o;b;x;b;o;x;x;1
x;o;o;b;x;b;b;b;x;1
x;o;o;b;o;b;x;x;x;1
x;o;o;b;b;o;x;x;x;1
x;o;b;x;x;x;o;o;b;1
x;o;b;x;x;x;o;b;o;1
x;o;b;x;x;x;b;o;o;1
x;o;b;x;x;o;x;o;b;1
x;o;b;x;x;o;x;b;o;1
x;o;b;x;x;o;o;b;x;1
x;o;b;x;x;o;b;o;x;1
x;o;b;x;x;b;x;o;o;1
x;o;b;x;x;b;o;o;x;1
x;o;b;x;o;x;x;b;o;1
x;o;b;x;o;o;x;x;b;1
x;o;b;x;o;o;x;b;x;1
x;o;b;x;o;b;x;x;o;1
x;o;b;x;o;b;x;b;b;1
x;o;b;x;b;x;x;o;o;1
x;o;b;x;b;o;x;x;o;1
x;o;b;x;b;o;x;o;x;1
x;o;b;x;b;o;x;b;b;1
x;o;b;x;b;b;x;o;b;1
x;o;b;x;b;b;x;b;o;1
x;o;b;o;x;x;o;b;x;1
x;o;b;o;x;x;b;o;x;1
x;o;b;o;x;o;x;b;x;1
x;o;b;o;x;o;b;x;x;1
x;o;b;o;x;b;x;o;x;1
x;o;b;o;x;b;o;x;x;1
x;o;b;o;x;b;b;b;x;1
x;o;b;o;o;b;x;x;x;1
x;o;b;o;b;o;x;x;x;1
x;o;b;b;x;x;o;o;x;1
x;o;b;b;x;o;x;o;x;1
x;o;b;b;x;o;o;x;x;1
x;o;b;b;x;o;b;b;x;1
x;o;b;b;x;b;o;b;x;1
x;o;b;b;x;b;b;o;x;1
x;o;b;b;o;o;x;x;x;1
x;b;x;x;o;o;x;o;b;1
x;b;x;x;o;o;x;b;o;1
x;b;x;x;o;b;x;o;o;1
x;b;x;x;b;o;x;o;o;1
x;b;x;o;x;o;x;o;b;1
x;b;x;o;x;o;x;b;o;1
x;b;x;o;x;o;o;b;x;1
x;b;x;o;x;o;b;o;x;1
x;b;x;o;x;b;x;o;o;1
x;b;x;o;x;b;o;o;x;1
x;b;x;o;o;x;o;b;x;1
x;b;x;o;o;x;b;o;x;1
x;b;x;o;b;x;o;o;x;1
x;b;x;b;x;o;x;o;o;1
x;b;x;b;x;o;o;o;x;1
x;b;x;b;o;x;o;o;x;1
x;b;o;x;x;x;o;o;b;1
x;b;o;x;x;x;o;b;o;1
x;b;o;x;x;x;b;o;o;1
x;b;o;x;x;o;x;o;b;1
x;b;o;x;x;o;o;b;x;1
x;b;o;x;x;o;b;o;x;1
x;b;o;x;x;b;x;o;o;1
x;b;o;x;x;b;o;o;x;1
x;b;o;x;o;x;x;o;b;1
x;b;o;x;o;x;x;b;o;1
x;b;o;x;o;o;x;x;b;1
x;b;o;x;o;o;x;b;x;1
x;b;o;x;o;b;x;x;o;1
x;b;o;x;o;b;x;o;x;1
x;b;o;x;o;b;x;b;b;1
x;b;o;x;b;x;x;o;o;1
x;b;o;x;b;o;x;o;x;1
x;b;o;x;b;o;x;b;b;1
x;b;o;x;b;b;x;o;b;1
x;b;o;x;b;b;x;b;o;1
x;b;o;o;x;x;o;b;x;1
x;b;o;o;x;x;b;o;x;1
x;b;o;o;x;o;x;b;x;1
x;b;o;o;x;o;b;x;x;1
x;b;o;o;x;b;x;o;x;1
x;b;o;o;x;b;o;x;x;1
x;b;o;o;x;b;b;b;x;1
x;b;o;o;o;b;x;x;x;1
x;b;o;o;b;o;x;x;x;1
x;b;o;b;x;x;o;o;x;1
x;b;o;b;x;o;x;o;x;1
x;b;o;b;x;o;o;x;x;1
x;b;o;b;x;o;b;b;x;1
x;b;o;b;x;b;o;b;x;1
x;b;o;b;x;b;b;o;x;1
x;b;o;b;o;o;x;x;x;1
x;b;b;x;x;o;x;o;o;1
x;b;b;x;x;o;o;o;x;1
x;b;b;x;o;x;x;o;o;1
x;b;b;x;o;o;x;x;o;1
x;b;b;x;o;o;x;o;x;1
x;b;b;x;o;o;x;b;b;1
x;b;b;x;o;b;x;o;b;1
x;b;b;x;o;b;x;b;o;1
x;b;b;x;b;o;x;o;b;1
x;b;b;x;b;o;x;b;o;1
x;b;b;x;b;b;x;o;o;1
x;b;b;o;x;x;o;o;x;1
x;b;b;o;x;o;x;o;x;1
x;b;b;o;x;o;o;x;x;1
x;b;b;o;x;o;b;b;x;1
x;b;b;o;x;b;o;b;x;1
x;b;b;o;x;b;b;o;x;1
x;b;b;b;x;o;o;b;x;1
x;b;b;b;x;o;b;o;x;1
x;b;b;b;x;b;o;o;x;1
o;x;x;x;x;o;x;o;o;1
o;x;x;x;x;o;o;x;o;1
o;x;x;x;o;x;o;o;x;1
o;x;x;o;x;x;x;o;o;1
o;x;x;o;x;o;x;x;o;1
o;x;x;o;x;o;x;o;x;1
o;x;x;o;x;o;x;b;b;1
o;x;x;o;x;o;b;x;b;1
o;x;x;o;x;b;x;o;b;1
o;x;x;o;x;b;x;b;o;1
o;x;x;o;x;b;b;x;o;1
o;x;x;o;o;x;x;o;x;1
o;x;x;o;o;x;b;b;x;1
o;x;x;o;b;x;b;o;x;1
o;x;x;b;x;o;x;o;b;1
o;x;x;b;x;o;x;b;o;1
o;x;x;b;x;o;o;x;b;1
o;x;x;b;x;o;b;x;o;1
o;x;x;b;x;b;x;o;o;1
o;x;x;b;x;b;o;x;o;1
o;x;x;b;o;x;o;b;x;1
o;x;x;b;o;x;b;o;x;1
o;x;x;b;b;x;o;o;x;1
o;x;o;x;x;x;x;o;o;1
o;x;o;x;x;x;o;x;o;1
o;x;o;x;x;x;o;o;x;1
o;x;o;x;x;x;o;b;b;1
o;x;o;x;x;x;b;o;b;1
o;x;o;x;x;x;b;b;o;1
o;x;o;x;x;o;o;x;x;1
o;x;o;x;x;o;b;x;b;1
o;x;o;x;x;b;o;x;b;1
o;x;o;x;x;b;b;x;o;1
o;x;o;x;o;o;x;x;x;1
o;x;o;o;x;x;x;x;o;1
o;x;o;o;x;x;b;x;b;1
o;x;o;o;x;o;x;x;x;1
o;x;o;o;x;b;x;x;b;1
o;x;o;o;x;b;b;x;x;1
o;x;o;o;o;x;x;x;x;1
o;x;o;o;b;b;x;x;x;1
o;x;o;b;x;x;o;x;b;1
o;x;o;b;x;x;b;x;o;1
o;x;o;b;x;o;x;x;b;1
o;x;o;b;x;o;b;x;x;1
o;x;o;b;x;b;x;x;o;1
o;x;o;b;x;b;o;x;x;1
o;x;o;b;x;b;b;x;b;1
o;x;o;b;o;b;x;x;x;1
o;x;o;b;b;o;x;x;x;1
o;x;b;x;x;x;o;o;b;1
o;x;b;x;x;x;o;b;o;1
o;x;b;x;x;x;b;o;o;1
o;x;b;x;x;o;o;x;b;1
o;x;b;x;x;o;b;x;o;1
o;x;b;x;x;b;o;x;o;1
o;x;b;o;x;x;b;x;o;1
o;x;b;o;x;o;x;x;b;1
o;x;b;o;x;o;b;x;x;1
o;x;b;o;x;b;x;x;o;1
o;x;b;o;x;b;b;x;b;1
o;x;b;o;o;b;x;x;x;1
o;x;b;o;b;o;x;x;x;1
o;x;b;b;x;x;o;x;o;1
o;x;b;b;x;o;x;x;o;1
o;x;b;b;x;o;o;x;x;1
o;x;b;b;x;o;b;x;b;1
o;x;b;b;x;b;o;x;b;1
o;x;b;b;x;b;b;x;o;1
o;x;b;b;o;o;x;x;x;1
o;o;x;x;x;x;x;o;o;1
o;o;x;x;x;x;o;x;o;1
o;o;x;x;x;x;o;o;x;1
o;o;x;x;x;x;o;b;b;1
o;o;x;x;x;x;b;o;b;1
o;o;x;x;x;x;b;b;o;1
o;o;x;x;x;o;x;x;o;1
o;o;x;x;x;o;x;o;x;1
o;o;x;x;x;o;x;b;b;1
o;o;x;x;x;b;x;o;b;1
o;o;x;x;x;b;x;b;o;1
o;o;x;x;o;x;o;x;x;1
o;o;x;x;o;x;b;b;x;1
o;o;x;x;o;o;x;x;x;1
o;o;x;x;b;x;o;b;x;1
o;o;x;x;b;x;b;o;x;1
o;o;x;o;x;x;x;x;o;1
o;o;x;o;x;x;x;o;x;1
o;o;x;o;x;x;x;b;b;1
o;o;x;o;x;x;b;b;x;1
o;o;x;o;x;o;x;x;x;1
o;o;x;o;x;b;x;x;b;1
o;o;x;o;x;b;x;b;x;1
o;o;x;o;o;x;x;x;x;1
o;o;x;o;b;x;x;b;x;1
o;o;x;o;b;x;b;x;x;1
o;o;x;o;b;b;x;x;x;1
o;o;x;b;x;x;x;o;b;1
o;o;x;b;x;x;x;b;o;1
o;o;x;b;x;x;o;b;x;1
o;o;x;b;x;x;b;o;x;1
o;o;x;b;x;o;x;x;b;1
o;o;x;b;x;o;x;b;x;1
o;o;x;b;x;b;x;x;o;1
o;o;x;b;x;b;x;o;x;1
o;o;x;b;x;b;x;b;b;1
o;o;x;b;o;x;x;b;x;1
o;o;x;b;o;x;b;x;x;1
o;o;x;b;o;b;x;x;x;1
o;o;x;b;b;x;x;o;x;1
o;o;x;b;b;x;o;x;x;1
o;o;x;b;b;x;b;b;x;1
o;o;x;b;b;o;x;x;x;1
o;o;b;x;x;x;x;o;b;1
o;o;b;x;x;x;x;b;o;1
o;o;b;x;x;x;o;x;b;1
o;o;b;x;x;x;o;b;x;1
o;o;b;x;x;x;b;x;o;1
o;o;b;x;x;x;b;o;x;1
o;o;b;x;x;x;b;b;b;1
o;o;b;x;o;b;x;x;x;1
o;o;b;x;b;o;x;x;x;1
o;o;b;o;x;b;x;x;x;1
o;o;b;o;b;x;x;x;x;1
o;o;b;b;x;o;x;x;x;1
o;o;b;b;o;x;x;x;x;1
o;o;b;b;b;b;x;x;x;1
o;b;x;x;x;x;o;o;b;1
o;b;x;x;x;x;o;b;o;1
o;b;x;x;x;x;b;o;o;1
o;b;x;x;x;o;x;o;b;1
o;b;x;x;x;o;x;b;o;1
o;b;x;x;x;b;x;o;o;1
o;b;x;x;o;x;o;b;x;1
o;b;x;x;o;x;b;o;x;1
o;b;x;x;b;x;o;o;x;1
o;b;x;o;x;x;x;o;b;1
o;b;x;o;x;x;x;b;o;1
o;b;x;o;x;x;b;o;x;1
o;b;x;o;x;o;x;x;b;1
o;b;x;o;x;o;x;b;x;1
o;b;x;o;x;b;x;x;o;1
o;b;x;o;x;b;x;o;x;1
o;b;x;o;x;b;x;b;b;1
o;b;x;o;o;x;x;b;x;1
o;b;x;o;o;x;b;x;x;1
o;b;x;o;o;b;x;x;x;1
o;b;x;o;b;x;x;o;x;1
o;b;x;o;b;x;b;b;x;1
o;b;x;o;b;o;x;x;x;1
o;b;x;b;x;x;x;o;o;1
o;b;x;b;x;x;o;o;x;1
o;b;x;b;x;o;x;x;o;1
o;b;x;b;x;o;x;o;x;1
o;b;x;b;x;o;x;b;b;1
o;b;x;b;x;b;x;o;b;1
o;b;x;b;x;b;x;b;o;1
o;b;x;b;o;x;x;o;x;1
o;b;x;b;o;x;o;x;x;1
o;b;x;b;o;x;b;b;x;1
o;b;x;b;o;o;x;x;x;1
o;b;x;b;b;x;o;b;x;1
o;b;x;b;b;x;b;o;x;1
o;b;o;x;x;x;x;o;b;1
o;b;o;x;x;x;x;b;o;1
o;b;o;x;x;x;o;x;b;1
o;b;o;x;x;x;o;b;x;1
o;b;o;x;x;x;b;x;o;1
o;b;o;x;x;x;b;o;x;1
o;b;o;x;x;x;b;b;b;1
o;b;o;x;o;b;x;x;x;1
o;b;o;x;b;o;x;x;x;1
o;b;o;o;x;b;x;x;x;1
o;b;o;o;b;x;x;x;x;1
o;b;o;b;x;o;x;x;x;1
o;b;o;b;o;x;x;x;x;1
o;b;o;b;b;b;x;x;x;1
o;b;b;x;x;x;x;o;o;1
o;b;b;x;x;x;o;x;o;1
o;b;b;x;x;x;o;o;x;1
o;b;b;x;x;x;o;b;b;1
o;b;b;x;x;x;b;o;b;1
o;b;b;x;x;x;b;b;o;1
o;b;b;x;o;o;x;x;x;1
o;b;b;o;x;o;x;x;x;1
o;b;b;o;o;x;x;x;x;1
o;b;b;o;b;b;x;x;x;1
o;b;b;b;o;b;x;x;x;1
o;b;b;b;b;o;x;x;x;1
b;x;x;o;x;o;x;o;b;1
b;x;x;o;x;o;x;b;o;1
b;x;x;o;x;o;o;x;b;1
b;x;x;o;x;o;b;x;o;1
b;x;x;o;x;b;x;o;o;1
b;x;x;o;x;b;o;x;o;1
b;x;x;o;o;x;o;b;x;1
b;x;x;o;o;x;b;o;x;1
b;x;x;o;b;x;o;o;x;1
b;x;x;b;x;o;x;o;o;1
b;x;x;b;x;o;o;x;o;1
b;x;x;b;o;x;o;o;x;1
b;x;o;x;x;x;o;o;b;1
b;x;o;x;x;x;o;b;o;1
b;x;o;x;x;x;b;o;o;1
b;x;o;x;x;o;o;x;b;1
b;x;o;x;x;b;o;x;o;1
b;x;o;o;x;x;o;x;b;1
b;x;o;o;x;x;b;x;o;1
b;x;o;o;x;o;x;x;b;1
b;x;o;o;x;o;b;x;x;1
b;x;o;o;x;b;x;x;o;1
b;x;o;o;x;b;o;x;x;1
b;x;o;o;x;b;b;x;b;1
b;x;o;o;o;b;x;x;x;1
b;x;o;o;b;o;x;x;x;1
b;x;o;b;x;x;o;x;o;1
b;x;o;b;x;o;o;x;x;1
b;x;o;b;x;o;b;x;b;1
b;x;o;b;x;b;o;x;b;1
b;x;o;b;x;b;b;x;o;1
b;x;o;b;o;o;x;x;x;1
b;x;b;x;x;o;o;x;o;1
b;x;b;o;x;x;o;x;o;1
b;x;b;o;x;o;x;x;o;1
b;x;b;o;x;o;o;x;x;1
b;x;b;o;x;o;b;x;b;1
b;x;b;o;x;b;o;x;b;1
b;x;b;o;x;b;b;x;o;1
b;x;b;b;x;o;o;x;b;1
b;x;b;b;x;o;b;x;o;1
b;x;b;b;x;b;o;x;o;1
b;o;x;x;x;x;o;o;b;1
b;o;x;x;x;x;o;b;o;1
b;o;x;x;x;x;b;o;o;1
b;o;x;x;x;o;x;o;b;1
b;o;x;x;x;o;x;b;o;1
b;o;x;x;x;b;x;o;o;1
b;o;x;x;o;x;o;b;x;1
b;o;x;x;b;x;o;o;x;1
b;o;x;o;x;x;x;o;b;1
b;o;x;o;x;x;x;b;o;1
b;o;x;o;x;x;o;b;x;1
b;o;x;o;x;x;b;o;x;1
b;o;x;o;x;o;x;x;b;1
b;o;x;o;x;o;x;b;x;1
b;o;x;o;x;b;x;x;o;1
b;o;x;o;x;b;x;o;x;1
b;o;x;o;x;b;x;b;b;1
b;o;x;o;o;x;x;b;x;1
b;o;x;o;o;x;b;x;x;1
b;o;x;o;o;b;x;x;x;1
b;o;x;o;b;x;x;o;x;1
b;o;x;o;b;x;o;x;x;1
b;o;x;o;b;x;b;b;x;1
b;o;x;o;b;o;x;x;x;1
b;o;x;b;x;x;x;o;o;1
b;o;x;b;x;x;o;o;x;1
b;o;x;b;x;o;x;x;o;1
b;o;x;b;x;o;x;o;x;1
b;o;x;b;x;o;x;b;b;1
b;o;x;b;x;b;x;o;b;1
b;o;x;b;x;b;x;b;o;1
b;o;x;b;o;x;o;x;x;1
b;o;x;b;o;x;b;b;x;1
b;o;x;b;o;o;x;x;x;1
b;o;x;b;b;x;o;b;x;1
b;o;x;b;b;x;b;o;x;1
b;o;o;x;x;x;x;o;b;1
b;o;o;x;x;x;x;b;o;1
b;o;o;x;x;x;o;x;b;1
b;o;o;x;x;x;o;b;x;1
b;o;o;x;x;x;b;x;o;1
b;o;o;x;x;x;b;o;x;1
b;o;o;x;x;x;b;b;b;1
b;o;o;x;o;b;x;x;x;1
b;o;o;x;b;o;x;x;x;1
b;o;o;o;x;b;x;x;x;1
b;o;o;o;b;x;x;x;x;1
b;o;o;b;x;o;x;x;x;1
b;o;o;b;o;x;x;x;x;1
b;o;o;b;b;b;x;x;x;1
b;o;b;x;x;x;x;o;o;1
b;o;b;x;x;x;o;x;o;1
b;o;b;x;x;x;o;o;x;1
b;o;b;x;x;x;o;b;b;1
b;o;b;x;x;x;b;o;b;1
b;o;b;x;x;x;b;b;o;1
b;o;b;x;o;o;x;x;x;1
b;o;b;o;x;o;x;x;x;1
b;o;b;o;o;x;x;x;x;1
b;o;b;o;b;b;x;x;x;1
b;o;b;b;o;b;x;x;x;1
b;o;b;b;b;o;x;x;x;1
b;b;x;x;x;o;x;o;o;1
b;b;x;x;o;x;o;o;x;1
b;b;x;o;x;x;x;o;o;1
b;b;x;o;x;x;o;o;x;1
b;b;x;o;x;o;x;x;o;1
b;b;x;o;x;o;x;o;x;1
b;b;x;o;x;o;x;b;b;1
b;b;x;o;x;b;x;o;b;1
b;b;x;o;x;b;x;b;o;1
b;b;x;o;o;x;x;o;x;1
b;b;x;o;o;x;o;x;x;1
b;b;x;o;o;x;b;b;x;1
b;b;x;o;b;x;o;b;x;1
b;b;x;o;b;x;b;o;x;1
b;b;x;b;x;o;x;o;b;1
b;b;x;b;x;o;x;b;o;1
b;b;x;b;x;b;x;o;o;1
b;b;x;b;o;x;o;b;x;1
b;b;x;b;o;x;b;o;x;1
b;b;x;b;b;x;o;o;x;1
b;b;o;x;x;x;x;o;o;1
b;b;o;x;x;x;o;x;o;1
b;b;o;x;x;x;o;o;x;1
b;b;o;x;x;x;o;b;b;1
b;b;o;x;x;x;b;o;b;1
b;b;o;x;x;x;b;b;o;1
b;b;o;x;o;o;x;x;x;1
b;b;o;o;x;o;x;x;x;1
b;b;o;o;o;x;x;x;x;1
b;b;o;o;b;b;x;x;x;1
b;b;o;b;o;b;x;x;x;1
b;b;o;b;b;o;x;x;x;1
b;b;b;x;x;x;o;o;b;1
b;b;b;x;x;x;o;b;o;1
b;b;b;x;x;x;b;o;o;1
b;b;b;o;o;b;x;x;x;1
b;b;b;o;b;o;x;x;x;1
b;b;b;b;o;o;x;x;x;1
x;x;o;x;x;o;o;b;o;0
x;x;o;x;x;o;b;o;o;0
x;x;o;x;x;b;o;o;o;0
x;x;o;x;o;x;o;o;b;0
x;x;o;x;o;x;o;b;o;0
x;x;o;x;o;o;o;x;b;0
x;x;o;x;o;o;o;b;x;0
x;x;o;x;o;o;b;x;o;0
x;x;o;x;o;b;o;x;o;0
x;x;o;x;o;b;o;o;x;0
x;x;o;x;o;b;o;b;b;0
x;x;o;x;b;x;o;o;o;0
x;x;o;x;b;o;o;x;o;0
x;x;o;x;b;o;b;b;o;0
x;x;o;o;x;o;x;b;o;0
x;x;o;o;o;x;o;x;b;0
x;x;o;o;o;x;o;b;x;0
x;x;o;o;o;o;x;x;b;0
x;x;o;o;o;o;x;b;x;0
x;x;o;o;o;o;b;x;x;0
x;x;o;o;o;b;o;x;x;0
x;x;o;o;b;o;x;x;o;0
x;x;o;b;x;x;o;o;o;0
x;x;o;b;x;o;x;o;o;0
x;x;o;b;x;o;b;b;o;0
x;x;o;b;o;x;o;x;o;0
x;x;o;b;o;x;o;o;x;0
x;x;o;b;o;x;o;b;b;0
x;x;o;b;o;o;x;x;o;0
x;x;o;b;o;o;o;x;x;0
x;x;o;b;o;b;o;x;b;0
x;x;o;b;o;b;o;b;x;0
x;x;o;b;b;o;x;b;o;0
x;x;o;b;b;o;b;x;o;0
x;x;b;x;x;o;o;o;o;0
x;x;b;x;o;x;o;o;o;0
x;x;b;x;b;b;o;o;o;0
x;x;b;o;x;x;o;o;o;0
x;x;b;o;o;o;x;x;o;0
x;x;b;o;o;o;x;o;x;0
x;x;b;o;o;o;x;b;b;0
x;x;b;o;o;o;o;x;x;0
x;x;b;o;o;o;b;x;b;0
x;x;b;o;o;o;b;b;x;0
x;x;b;b;x;b;o;o;o;0
x;x;b;b;b;x;o;o;o;0
x;o;x;x;x;b;o;o;o;0
x;o;x;x;o;x;o;o;b;0
x;o;x;x;o;x;b;o;o;0
x;o;x;x;o;o;b;o;x;0
x;o;x;x;o;b;o;o;x;0
x;o;x;x;o;b;b;o;b;0
x;o;x;x;b;x;o;o;o;0
x;o;x;o;o;x;x;o;b;0
x;o;x;o;o;o;x;x;b;0
x;o;x;o;o;o;x;b;x;0
x;o;x;o;o;o;b;x;x;0
x;o;x;o;o;b;x;o;x;0
x;o;x;b;x;x;o;o;o;0
x;o;x;b;o;x;x;o;o;0
x;o;x;b;o;x;b;o;b;0
x;o;x;b;o;o;x;o;x;0
x;o;x;b;o;b;x;o;b;0
x;o;x;b;o;b;b;o;x;0
x;o;o;x;x;o;b;x;o;0
x;o;o;x;o;x;o;x;b;0
x;o;o;x;o;x;o;b;x;0
x;o;o;x;o;x;b;o;x;0
x;o;o;x;o;b;o;x;x;0
x;o;o;b;x;o;x;x;o;0
x;o;o;b;o;x;x;o;x;0
x;o;o;b;o;x;o;x;x;0
x;o;b;x;o;x;o;o;x;0
x;o;b;x;o;x;b;o;b;0
x;o;b;x;o;b;b;o;x;0
x;o;b;o;o;x;x;o;x;0
x;o;b;b;o;x;x;o;b;0
x;o;b;b;o;x;b;o;x;0
x;o;b;b;o;b;x;o;x;0
x;b;x;x;x;o;o;o;o;0
x;b;x;x;o;x;o;o;o;0
x;b;x;x;b;b;o;o;o;0
x;b;x;o;x;x;o;o;o;0
x;b;x;o;o;o;x;x;o;0
x;b;x;o;o;o;x;o;x;0
x;b;x;o;o;o;x;b;b;0
x;b;x;o;o;o;o;x;x;0
x;b;x;o;o;o;b;x;b;0
x;b;x;o;o;o;b;b;x;0
x;b;x;b;x;b;o;o;o;0
x;b;x;b;b;x;o;o;o;0
x;b;o;x;x;o;o;x;o;0
x;b;o;x;x;o;b;b;o;0
x;b;o;x;o;x;o;x;o;0
x;b;o;x;o;x;o;o;x;0
x;b;o;x;o;x;o;b;b;0
x;b;o;x;o;o;o;x;x;0
x;b;o;x;o;b;o;x;b;0
x;b;o;x;o;b;o;b;x;0
x;b;o;x;b;o;b;x;o;0
x;b;o;o;x;o;x;x;o;0
x;b;o;o;o;x;o;x;x;0
x;b;o;b;x;o;x;b;o;0
x;b;o;b;x;o;b;x;o;0
x;b;o;b;o;x;o;x;b;0
x;b;o;b;o;x;o;b;x;0
x;b;o;b;o;b;o;x;x;0
x;b;o;b;b;o;x;x;o;0
x;b;b;x;x;b;o;o;o;0
x;b;b;x;b;x;o;o;o;0
x;b;b;o;o;o;x;x;b;0
x;b;b;o;o;o;x;b;x;0
x;b;b;o;o;o;b;x;x;0
x;b;b;b;x;x;o;o;o;0
o;x;x;x;x;b;o;o;o;0
o;x;x;x;o;x;o;b;o;0
o;x;x;x;o;x;b;o;o;0
o;x;x;x;o;o;x;b;o;0
o;x;x;x;o;o;b;x;o;0
o;x;x;x;o;b;x;o;o;0
o;x;x;x;o;b;o;x;o;0
o;x;x;x;o;b;b;b;o;0
o;x;x;x;b;x;o;o;o;0
o;x;x;o;x;x;o;o;b;0
o;x;x;o;x;x;o;b;o;0
o;x;x;o;x;o;o;b;x;0
o;x;x;o;x;b;o;o;x;0
o;x;x;o;x;b;o;b;b;0
o;x;x;o;o;x;x;b;o;0
o;x;x;o;o;x;o;x;b;0
o;x;x;o;o;x;b;x;o;0
o;x;x;o;o;o;x;x;b;0
o;x;x;o;o;o;x;b;x;0
o;x;x;o;o;o;b;x;x;0
o;x;x;o;o;b;x;x;o;0
o;x;x;o;o;b;o;x;x;0
o;x;x;o;b;x;o;x;o;0
o;x;x;o;b;x;o;b;b;0
o;x;x;o;b;o;o;x;x;0
o;x;x;o;b;b;o;x;b;0
o;x;x;o;b;b;o;b;x;0
o;x;x;b;x;x;o;o;o;0
o;x;x;b;o;x;x;o;o;0
o;x;x;b;o;x;o;x;o;0
o;x;x;b;o;x;b;b;o;0
o;x;x;b;o;o;x;x;o;0
o;x;x;b;o;b;x;b;o;0
o;x;x;b;o;b;b;x;o;0
o;x;o;x;x;o;x;b;o;0
o;x;o;x;o;x;x;b;o;0
o;x;o;x;o;x;o;x;b;0
o;x;o;x;o;x;o;b;x;0
o;x;o;x;o;x;b;x;o;0
o;x;o;x;o;b;x;x;o;0
o;x;o;x;o;b;o;x;x;0
o;x;o;x;b;o;x;x;o;0
o;x;o;o;x;x;o;b;x;0
o;x;o;o;b;x;o;x;x;0
o;x;o;b;o;x;x;x;o;0
o;x;o;b;o;x;o;x;x;0
o;x;b;x;o;x;x;o;o;0
o;x;b;x;o;x;o;x;o;0
o;x;b;x;o;x;b;b;o;0
o;x;b;x;o;o;x;x;o;0
o;x;b;x;o;b;x;b;o;0
o;x;b;x;o;b;b;x;o;0
o;x;b;o;x;x;o;o;x;0
o;x;b;o;x;x;o;b;b;0
o;x;b;o;x;b;o;b;x;0
o;x;b;o;o;x;x;x;o;0
o;x;b;o;o;x;o;x;x;0
o;x;b;o;b;x;o;x;b;0
o;x;b;o;b;x;o;b;x;0
o;x;b;o;b;b;o;x;x;0
o;x;b;b;o;x;x;b;o;0
o;x;b;b;o;x;b;x;o;0
o;x;b;b;o;b;x;x;o;0
o;o;x;x;o;x;x;o;b;0
o;o;x;x;o;x;x;b;o;0
o;o;x;x;o;x;b;x;o;0
o;o;x;x;o;b;x;x;o;0
o;o;x;x;o;b;x;o;x;0
o;o;x;o;x;x;o;x;b;0
o;o;x;o;x;b;o;x;x;0
o;o;x;b;o;x;x;x;o;0
o;o;o;x;x;o;x;x;b;0
o;o;o;x;x;o;x;b;x;0
o;o;o;x;x;o;b;x;x;0
o;o;o;x;x;b;x;x;o;0
o;o;o;x;x;b;x;o;x;0
o;o;o;x;x;b;x;b;b;0
o;o;o;x;x;b;o;x;x;0
o;o;o;x;x;b;b;x;b;0
o;o;o;x;x;b;b;b;x;0
o;o;o;x;o;x;x;x;b;0
o;o;o;x;o;x;x;b;x;0
o;o;o;x;o;x;b;x;x;0
o;o;o;x;b;x;x;x;o;0
o;o;o;x;b;x;x;o;x;0
o;o;o;x;b;x;x;b;b;0
o;o;o;x;b;x;o;x;x;0
o;o;o;x;b;x;b;x;b;0
o;o;o;x;b;x;b;b;x;0
o;o;o;x;b;b;x;x;b;0
o;o;o;x;b;b;x;b;x;0
o;o;o;x;b;b;b;x;x;0
o;o;o;o;x;x;x;x;b;0
o;o;o;o;x;x;x;b;x;0
o;o;o;o;x;x;b;x;x;0
o;o;o;b;x;x;x;x;o;0
o;o;o;b;x;x;x;o;x;0
o;o;o;b;x;x;x;b;b;0
o;o;o;b;x;x;o;x;x;0
o;o;o;b;x;x;b;x;b;0
o;o;o;b;x;x;b;b;x;0
o;o;o;b;x;b;x;x;b;0
o;o;o;b;x;b;x;b;x;0
o;o;o;b;x;b;b;x;x;0
o;o;o;b;b;x;x;x;b;0
o;o;o;b;b;x;x;b;x;0
o;o;o;b;b;x;b;x;x;0
o;o;b;x;o;x;x;x;o;0
o;o;b;x;o;x;x;o;x;0
o;o;b;o;x;x;o;x;x;0
o;b;x;x;o;x;x;o;o;0
o;b;x;x;o;x;o;x;o;0
o;b;x;x;o;x;b;b;o;0
o;b;x;x;o;o;x;x;o;0
o;b;x;x;o;b;x;b;o;0
o;b;x;x;o;b;b;x;o;0
o;b;x;o;x;x;o;x;o;0
o;b;x;o;x;x;o;b;b;0
o;b;x;o;x;o;o;x;x;0
o;b;x;o;x;b;o;x;b;0
o;b;x;o;x;b;o;b;x;0
o;b;x;o;o;x;x;x;o;0
o;b;x;o;b;x;o;x;b;0
o;b;x;o;b;b;o;x;x;0
o;b;x;b;o;x;x;b;o;0
o;b;x;b;o;x;b;x;o;0
o;b;x;b;o;b;x;x;o;0
o;b;o;x;x;o;x;x;o;0
o;b;o;x;o;x;x;x;o;0
o;b;o;x;o;x;o;x;x;0
o;b;o;o;x;x;o;x;x;0
o;b;b;x;o;x;x;b;o;0
o;b;b;x;o;x;b;x;o;0
o;b;b;x;o;b;x;x;o;0
o;b;b;o;x;x;o;x;b;0
o;b;b;o;x;x;o;b;x;0
o;b;b;o;x;b;o;x;x;0
o;b;b;o;b;x;o;x;x;0
o;b;b;b;o;x;x;x;o;0
b;x;x;x;x;o;o;o;o;0
b;x;x;x;o;x;o;o;o;0
b;x;x;x;b;b;o;o;o;0
b;x;x;o;x;x;o;o;o;0
b;x;x;o;o;o;x;x;o;0
b;x;x;o;o;o;x;o;x;0
b;x;x;o;o;o;x;b;b;0
b;x;x;o;o;o;o;x;x;0
b;x;x;o;o;o;b;x;b;0
b;x;x;o;o;o;b;b;x;0
b;x;x;b;x;b;o;o;o;0
b;x;x;b;b;x;o;o;o;0
b;x;o;x;x;o;x;o;o;0
b;x;o;x;x;o;b;b;o;0
b;x;o;x;o;x;o;x;o;0
b;x;o;x;o;x;o;o;x;0
b;x;o;x;o;x;o;b;b;0
b;x;o;x;o;o;x;x;o;0
b;x;o;x;o;o;o;x;x;0
b;x;o;x;o;b;o;x;b;0
b;x;o;x;o;b;o;b;x;0
b;x;o;x;b;o;x;b;o;0
b;x;o;x;b;o;b;x;o;0
b;x;o;o;o;x;o;x;x;0
b;x;o;b;x;o;x;b;o;0
b;x;o;b;o;x;o;x;b;0
b;x;o;b;o;x;o;b;x;0
b;x;o;b;o;b;o;x;x;0
b;x;o;b;b;o;x;x;o;0
b;x;b;x;x;b;o;o;o;0
b;x;b;x;b;x;o;o;o;0
b;x;b;o;o;o;x;x;b;0
b;x;b;o;o;o;x;b;x;0
b;x;b;o;o;o;b;x;x;0
b;x;b;b;x;x;o;o;o;0
b;o;x;x;o;x;x;o;o;0
b;o;x;x;o;x;b;o;b;0
b;o;x;x;o;o;x;o;x;0
b;o;x;x;o;b;x;o;b;0
b;o;x;x;o;b;b;o;x;0
b;o;x;b;o;x;x;o;b;0
b;o;x;b;o;b;x;o;x;0
b;o;o;x;x;o;x;x;o;0
b;o;o;x;o;x;x;o;x;0
b;o;o;x;o;x;o;x;x;0
b;o;b;x;o;x;x;o;b;0
b;o;b;x;o;x;b;o;x;0
b;o;b;x;o;b;x;o;x;0
b;o;b;b;o;x;x;o;x;0
b;b;x;x;x;b;o;o;o;0
b;b;x;x;b;x;o;o;o;0
b;b;x;o;o;o;x;x;b;0
b;b;x;o;o;o;x;b;x;0
b;b;x;o;o;o;b;x;x;0
b;b;x;b;x;x;o;o;o;0
b;b;o;x;x;o;x;b;o;0
b;b;o;x;x;o;b;x;o;0
b;b;o;x;o;x;o;x;b;0
b;b;o;x;o;x;o;b;x;0
b;b;o;x;o;b;o;x;x;0
b;b;o;x;b;o;x;x;o;0
b;b;o;b;x;o;x;x;o;0
b;b;o;b;o;x;o;x;x;0
x;x;o;o;x;x;x;o;o;0
x;x;o;o;o;x;x;x;o;0
x;x;o;o;o;x;x;o;x;0
x;o;x;x;x;o;o;x;o;0
x;o;x;x;o;x;o;x;o;0
x;o;x;x;o;o;o;x;x;0
x;o;x;o;x;x;o;x;o;0
x;o;x;o;o;x;x;x;o;0
x;o;o;o;x;x;x;x;o;0
o;x;x;x;x;o;o;o;x;0
o;x;x;x;o;o;x;o;x;0
o;x;x;x;o;o;o;x;x;0
o;x;o;x;x;o;x;o;x;0
o;x;o;x;o;x;x;o;x;0
o;x;o;o;x;x;x;o;x;0
o;o;x;x;x;o;o;x;x;0
